Block,Tree (#),Tag #,Species,DBH
1H,1,1,PIST,24.3
1H,3,2,QUMO,10.2
1H,4,3,ACRU,11.5
1H,5,4788,QUMO,11.2
1H,6,4789,QUAL,9.9
1H,7,4,QUMO,12.5
1H,8,4696,LITU,8.3
1H,9,5,COFL,5.4
1H,10,6,QUMO,16.4
1H,12,4785,PIVI,8.5
1H,13,7,QUVE,25.5
1H,14,8,ACRU,16.4
1H,15,9,LITU,4.6
1H,16,10,QUMO,17.9
1H,17,4779,QUVE,8
1H,18,11,LITU,9.3
1H,19,12,SAAL,9.6
1H,20,13,LITU,7.4
1H,21,14,LITU,5.3
1H,22,15,LITU,7.1
1H,23,16,QUVE,14.4
1H,24,4775,QURU,25.9
1H,25,17,ACSA,15.6
1H,26,18,PRSE,13
1H,27,19,ACRU,13.6
1H,28,20,ACRU,17.6
1H,29,21,OSVI,4.8
1H,30,22,QUMO,16.3
1H,31,23,PIST,15.2
1H,32,24,SAAL,7.1
1H,33,25,QUMO,13.8
1H,34,26,PIST,15.5
1H,35,27,QUMO,14.9
1H,36,28,QUMO,17
1H,37,29,PRSE,13.9
1H,38,4649,ACRU,7.1
1H,39,30,OSVI,4.7
1H,40,31,CATO,4.8
1H,41,32,QUVE,8.5
1H,42,33,QUMO,13.5
1H,43,4644,ACRU,12.1
1H,44,4667,ACSA,7.7
1H,45,4668,CATO,7.1
1H,46,4669,ACRU,7.1
1H,47,34,QUMO,9.9
1H,48,35,QURU,12.2
1H,49,4674,ACRU,6.4
1H,50,36,QUMO,8.6
1H,51,37,QUMO,8.2
1H,52,38,QUMO,9.7
1H,53,4720,ACRU,9.4
1H,54,4774,QUMO,
1H,55,39,QUMO,18
1H,56,4771,PRSE,6.7
1H,57,40,QUMO,11.2
1H,58,41,QUVE,23
1H,59,42,NYSY,10
1H,60,43,CATO,13.4
1H,61,44,LITU,7.3
1H,62,45,LITU,5.6
1H,63,46,LITU,6.7
1H,64,47,MAAC,24.5
1H,65,48,QUVE,15.8
1H,66,49,QUVE,15.4
1H,67,4645,PRSE,6.3
1H,68,50,QURU,22.1
1H,69,4638,ACRU,7.4
1H,70,4639,ACRU,10.1
1H,71,4642,QUMO,7.6
1H,72,4641,ACRU,8.4
1H,73,51,QUMO,16.9
1H,74,52,ACRU,8.3
1H,75,53,ACRU,7.8
1H,76,54,PRSE,6.8
1H,77,4620,ACRU,6.7
1H,78,4619,ACSA,6
1H,79,55,QUMO,9.5
1H,80,4604,ACRU,8.5
1H,81,56,ACRU,11.4
1H,82,4603,ACRU,8.1
1H,83,4621,PRSE,6.3
1H,84,57,PRSE,8.5
1H,85,58,QUMO,7.7
1H,86,59,LITU,11.2
1H,87,60,ACRU,8.8
1H,88,61,CATO,14.3
1H,89,4524,QUVE,8.5
1H,90,62,PRSE,6.4
1H,91,63,PRSE,10.3
1H,92,64,PRSE,5.9
1H,93,65,CAOV,4.8
1H,94,66,CATO,9.5
1H,95,4680,ACRU,7.2
1H,96,67,QUMO,15
1H,97,4589,QUVE,9.6
1H,98,68,PRSE,13.6
1H,99,4563,ACRU,7
1H,100,69,ACSA,19.4
1H,101,4586,ACRU,6.2
1H,102,70,LITU,15.9
1H,103,4523,OSVI,6.8
1H,104,4516,ACRU,8.2
1H,105,4753,ACRU,10.4
1H,106,4759,ACRU,6.2
1H,107,4741,ACRU,6.7
1H,108,4701,ACRU,6.8
1H,109,71,CAGL,12.4
1H,110,4731,ACRU,6.3
1H,111,72,ACRU,6.2
1H,112,73,LITU,14.5
1H,113,74,PRSE,12.6
1H,114,4729,ACRU,8.5
1H,115,4742,ACRU,13.3
1H,116,4718,JUNI,8.4
1H,117,75,LITU,8.9
1H,118,76,LITU,7.2
1H,119,77,ACSA,18.2
1H,120,78,LITU,5.5
1H,121,4761,ACRU,8.2
1H,122,4717,ACRU,10.6
1H,123,79,QUVE,10.6
1H,124,80,QUMO,6.7
1H,125,81,QUVE,12.9
1H,126,82a,MAAC,15.5
1H,127,82b,MAAC,17.4
1H,128,4746,QUVE,9.5
1H,129,83,QUMO,16.2
1H,130,84,ACSA,14.2
1H,131,85,QURU,9.5
1H,132,4564,ACRU,8.3
1H,133,4762,CATO,6.6
1H,134,4554,ACRU,12.9
1H,135,86,PRSE,14.4
1H,136,87,ACRU,8.8
1H,137,2446,ACRU,5.6
1H,138,2446,PRSE,8.6
1H,139,88,ACRU,8.4
1H,140,89,ACRU,8.3
1H,141,90,ACRU,10
1H,142,91,PIST,29.7
1H,143,92,QUMO,7
1H,144,93,QUMO,13.2
1H,145,94,CAOV,6.9
1H,146,95,QUAL,14.3
1H,147,96,QUMO,15
1H,148,97,QUAL,5.7
1H,149,100,QUVE,16.6
1H,150,2433,ACRU,6.2
1H,151,2493,QUAL,7
1H,152,2983,QUAL,9.2
1H,153,98,QUMO,14.2
1H,154,2979,ACRU,8.6
1H,155,99,QUMO,19.2
1H,156,101,QUAL,15.3
1H,157,2993,QURU,9.2
1H,158,102,QUVE,19.2
1H,159,4751,ACRU,8.6
1H,160,103,LITU,8.1
1H,161,103,LITU,7.2
1H,162,103,LITU,28.6
1H,163,104,LITU,4
1H,164,105,LITU,5.3
1H,165,106,CATO,6.2
1H,166,107,QUVE,13.1
1H,167,108,CAGL,10.1
1H,168,109,QUVE,16.1
1H,169,110,CAGL,17.8
1H,170,111,NYSY,8.2
1H,171,4540,QUMO,9.5
1H,172,112,QURU,21.6
1H,173,4584,ACRU,7
1H,174,4585,CAGL,6.4
1H,175,113,QUAL,17.2
1H,176,114,QUVE,12.5
1H,177,115,CATO,6.3
1H,178,116,LITU,17.8
1H,179,117,LITU,20.4
1H,180,2432,LITU,6.9
1H,181,118,QUVE,17.5
1H,182,119,QUVE,7.8
1H,183,120,LITU,8.5
1H,184,4715,LITU,8
1H,185,121,LITU,9
1H,186,4736,ACRU,6.1
1H,187,122,LITU,4.8
1H,188,4750,PIST,21.5
1H,189,4727,LITU,8.3
1H,190,123,LITU,11.5
1H,191,124,LITU,28.6
1H,192,4572,ACRU,7.6
1H,193,4593,ACRU,10.6
1H,194,2419,ACRU,10
1H,195,125,QURU,13.1
1H,196,NA,ACRU,7.5
1H,197,126,QURU,15.9
1H,198,2495,ACRU,6.7
1H,199,127,ACRU,14.6
1H,200,128,LITU,9
1H,201,129,PIVI,14.4
1H,202,2413,ACRU,10
1H,203,130,ACRU,11.9
1H,204,131,QURU,9.1
1H,205,132,ACRU,12.4
1H,206,133,ACRU,8.9
1H,207,134,ACRU,9.8
1H,208,135,PIST,25.4
1H,209,136,CAGL,5.9
1H,210,137,CAGL,7.1
1H,211,138,LITU,10.1
1H,212,2428,ACRU,7.3
1H,213,139,PRSE,11.3
1H,214,140,CAOV,13.4
1H,215,141,PRSE,13
1H,216,2463,ACRU,6.8
1H,217,2468,ACRU,7.9
1H,218,2468,ACRU,9.5
1H,219,142,QUMO,19.3
1H,220,143,QUVE,20.2
1H,221,2484,QUMO,11.8
1H,222,144,ACRU,7.1
1H,223,145,QUMO,13.4
1H,224,146,QUMO,16.5
1H,225,147,CATO,5.7
1H,226,148,QUVE,23.5
1H,227,2987,OSVI,6.8
1H,228,149,QURU,12.6
1H,229,150,QURU,18.4
1H,230,151,QUVE,21.3
1H,231,4637,ACRU,13
1H,232,152,CAGL,8.7
1H,233,153,CAGL,8.2
1H,234,154,PRSE,16.1
1H,235,155,CAOV,11.5
1H,236,156,QUMO,14.2
1H,237,157,QUVE,21.5
1H,239,4610,ACRU,9.7
1H,240,158,ACRU,11.2
1H,241,159,QUVE,11.7
1H,242,4609,ACRU,9.7
1H,243,4608,ACRU,6.9
1H,244,160,QURU,16
1H,245,161,QUMO,13.5
1H,246,162,PIST,10
1H,247,163,PIST,5.6
1H,248,164,ACRU,5.9
1H,249,4706,LITU,16
1H,250,4574,LITU,7.8
1H,251,4734,ACRU,7.2
1H,252,165,QUVE,25.7
1H,253,4501,ACRU,6.4
1H,254,166,ACRU,6.2
1H,255,167,LITU,6
1H,256,168,ACRU,15.2
1H,257,2438,ACRU,7.9
1H,258,2456,ACRU,11.3
1H,259,169,LITU,13.2
1H,260,170,LITU,12.3
1H,261,171,QUAL,15
1H,262,172,LITU,27.3
1H,263,173,PRSE,17.4
1H,264,174,OSVI,5.9
1H,265,175,ACRU,11.8
1H,266,176,ACRU,10.3
1H,267,2481,ACRU,6.6
1H,268,177,QUVE,25.2
1H,269,178,ACRU,11.9
1H,270,2441,ACRU,8.1
1H,271,2483,ACRU,8.6
1H,272,179,ACRU,10.7
1H,273,180,ACRU,6.2
1H,274,2476,ACRU,6.6
1H,275,183,ACRU,11
1H,276,2499,ACRU,9.9
1H,277,2445,ACRU,7.1
1H,278,181,ACRU,14.1
1H,279,4547,ACRU,12.4
1H,280,4511,PIST,12.1
1H,281,4538,ACRU,7.1
1H,282,182,ACRU,8
1H,284,185,PIST,22.6
1H,285,186,PIST,29.8
1H,286,187,CATO,8.5
1H,287,188,PIST,26.9
1H,288,189,QURU,17.4
1H,289,190,ACRU,8.7
1H,290,191,ACRU,13.5
1H,291,4595,QUAL,8.5
1H,292,192,ACRU,7.2
1H,293,4512,ACRU,6.2
1H,294,NA,ACRU,9.1
1H,295,NA,ACRU,10.4
1H,296,193,QUVE,22.7
1H,297,194,CAGL,11.5
1H,298,2436,ACRU,7.8
1H,299,195,SAAB,7.9
1H,300,4571,ACRU,7.1
1H,301,196,ACRU,7
1H,302,197,ACRU,11.7
1H,303,198,ACRU,16.3
1H,304,199,ACRU,10.7
2C,305,200,QURU,16.1
2C,306,201,QUVE,19.5
2C,307,202,QUMO,11.5
2C,308,203,QUMO,8.8
2C,309,204,COFL,6.4
2C,310,205,CAGL,9.1
2C,311,206,ACRU,7.6
2C,312,207,QUMO,17.3
2C,313,208,QUMO,14.6
2C,314,209,ACRU,9.7
2C,315,210,QUMO,17.6
2C,316,211,QURU,23.6
2C,317,212,QUMO,13.3
2C,318,213,PIST,28.3
2C,319,214,QUMO,6.9
2C,320,215,QURU,8.2
2C,321,216,QUMO,7.3
2C,322,217,QUMO,6.2
2C,323,218,QUMO,7.3
2C,324,219,QURU,11.1
2C,325,220,CAOV,6.3
2C,326,221,QURU,17
2C,327,222,QUMO,6.6
2C,328,223,QUMO,11.2
2C,329,224,QUMO,16.5
2C,330,225,QURU,9.2
2C,331,226,PIST,25.3
2C,332,227,QUMO,6.4
2C,333,228,QURU,19
2C,335,230,QUMO,13.9
2C,336,231,QURU,5.6
2C,337,232,QURU,11.5
2C,338,233,QUVE,10.9
2C,339,234,ACRU,8.6
2C,341,236,ACRU,7.7
2C,342,237,COFL,6.8
2C,343,238,QURU,15.9
2C,344,239,ACRU,6.6
2C,345,240,QUVE,17.2
2C,346,241,PIVI,11.4
2C,347,242,ACRU,14.6
2C,348,243,ACRU,11.6
2C,349,245,PIST,22.6
2C,350,244,CATO,6.8
2C,351,246,QUVE,6.5
2C,353,248,PIRI,13.7
2C,354,249,QURU,7.6
2C,355,250,PIVI,11.5
2C,356,251,QUVE,9.1
2C,357,252,PIRI,13.2
2C,358,253,QURU,9
2C,359,254,FAGR,6.5
2C,360,255,PIVI,12.5
2C,361,256,PIVI,14.3
2C,362,257,ACRU,6.3
2C,363,258,COFL,5.8
2C,364,259,CATO,7.3
2C,365,260,PIVI,13.1
2C,366,261,QURU,7.5
2C,367,262,QURU,9.1
2C,368,263,PIRI,13.8
2C,369,264,PIVI,12.2
2C,370,265,PIVI,11.7
2C,371,266,QURU,9.3
2C,372,267,QUVE,7.4
2C,374,269,PIVI,16.5
2C,375,270,QURU,7.1
2C,376,271,PIVI,13
2C,377,272,QURU,5.9
2C,378,273,QUVE,7.2
2C,379,274,PIVI,9.1
2C,380,275,PIRI,15.7
2C,381,276,ACRU,5.7
2C,382,277,PIVI,8.3
2C,383,278,PIVI,16.5
2C,384,279,PIVI,14.6
2C,385,280,QURU,6.6
2C,386,281,QURU,8.7
2C,387,282,ACRU,7.8
2C,388,283,ACRU,6.1
2C,389,284,QURU,13
2C,390,285,QURU,14.6
2C,391,286,PIVI,13.3
2C,392,287,QURU,8.4
2C,393,288,QURU,14
2C,394,290,PIVI,12.4
2C,395,289,ACRU,6.6
2C,396,291,QUMO,9
2C,397,292,QUMO,10.9
2C,398,293,QUMO,9.4
2C,399,294,QUMO,7.2
2C,400,295,QUMO,6.7
2C,401,296,QUMO,11.9
2C,402,297,CAGL,5.6
2C,403,298,QUMO,11.6
2C,405,300,ACSA,8.8
2C,406,301,QUMO,12.1
2C,407,302,QUVE,13.5
2C,408,303,QUMO,6.4
2C,409,304,CAGL,8.8
2C,410,305,QUMO,9.7
2C,411,306,QUMO,7.5
2C,412,307,QUMO,8.5
2C,413,308,ACRU,9.6
2C,414,309,ACSA,5.8
2C,415,310,CAGL,7.1
2C,416,311,QURU,17.5
2C,417,312,ACSA,12.8
2C,419,314,QUMO,10.1
2C,420,315,QURU,14.7
2C,421,316,QURU,16.8
2C,423,318,QUMO,7
2C,424,319,QUMO,8
2C,425,320,QURU,9.6
2C,426,321,QUMO,11
2C,427,322,QUMO,9.8
2C,428,323,QUVE,10.3
2C,430,325,QUMO,11.5
2C,431,326,QUMO,9.4
2C,432,327,QUMO,12.8
2C,433,328,ACRU,16.4
2C,434,329,QUVE,20
2C,435,330,QUMO,13.8
2C,436,331,CAGL,6.6
2C,437,332,QUMO,12.5
2C,438,333,QURU,10.2
2C,439,334,QUMO,7.8
2C,440,335,QURU,6.7
2C,441,336,QUVE,13.7
2C,442,337,ACSA,7.8
2C,443,338,QUVE,13.5
2C,444,339,QUMO,5.7
2C,445,340,QUMO,8.2
2C,446,341,QUVE,9.5
2C,447,342,QUMO,9
2C,448,343,QUMO,9
2C,449,344,QUMO,6.8
2C,450,345,QUMO,11.7
2C,451,346,QURU,12.7
2C,452,347,QURU,16.8
2C,453,348,QUMO,12.3
2C,454,349,QUMO,11.6
2C,455,350,QUMO,12.6
2C,456,351,QUMO,7.2
2C,457,352,QUMO,9.1
2C,458,353,QUMO,7.3
2C,459,354,QUMO,12.3
2C,460,355,QUMO,9.9
2C,462,357,QURU,7.6
2C,463,358,QURU,13.2
2C,464,359,QUMO,9.8
2C,466,361,QUMO,11.6
2C,467,362,QUMO,10.3
2C,468,363,QURU,9.7
2C,470,365,QUVE,8
2C,471,366,QUMO,6.2
2C,472,367,QUAL,7.2
2C,473,368,QURU,8.6
2C,474,369,QUVE,16
2C,475,370,QUVE,11
2C,476,371,QUAL,7.3
2C,477,372,QUVE,15.7
2C,478,373,QUMO,10
2C,480,375,QURU,11.8
2C,481,376,QUMO,9
2C,483,378,QUMO,8.5
2C,484,379,QURU,11.3
2C,485,380,QUVE,16.8
2C,486,381,QUVE,8.2
2C,487,382,QUMO,10.3
2C,488,383,QURU,8
2C,489,384,QUMO,6
2C,490,385,QUVE,22
2C,491,386,QURU,17.6
2C,492,387,QUMO,13.3
2C,493,388,CAGL,11.6
2C,494,389,QURU,9.6
2C,495,390,ACRU,14.1
2C,496,391,QUAL,5.6
2C,497,392,QUMO,8.9
2C,498,393,QURU,6.2
2C,499,396,QUMO,6.5
2C,500,394,ACSA,9.1
2C,501,395,QUAL,7.8
2C,502,397,PIST,28.8
2C,504,399,QUMO,13.7
2C,505,400,QUMO,8.2
2C,506,401,CAGL,8.3
2C,508,403,PIST,27.6
2C,509,404,ACRU,7.5
2C,510,405,PIST,10.9
2C,511,406,PIST,23
2C,512,407,PIST,23
2C,513,409,PIST,22.8
2C,514,408,PIST,9.8
2C,515,410,PIST,12.6
2C,516,411,TSCA,17.9
2C,517,412,CAGL,8.2
2C,518,413,QUAL,15.4
2C,519,414,CATO,12
2C,520,415,QURU,15.5
2C,521,416,QUMO,9.7
2C,522,417,QUMO,6.3
2C,523,418,QURU,18
2C,524,419,QUMO,7
2C,525,420,QUVE,15.4
2C,526,421,QUVE,10.8
2C,527,422,QUAL,11.9
2C,528,423,QUMO,8.2
2C,529,424,QUMO,7.4
2C,530,425,QUVE,21.4
2C,532,427,CAGL,10.8
2C,533,428,FAGR,8.6
2C,534,429,ACRU,11.2
2C,535,430,QURU,8
2C,536,431,QURU,22.3
2C,537,432,QURU,7.6
2C,538,433,QUVE,14
2C,539,434,QURU,16.5
2C,540,435,QURU,12.7
2C,541,436,QUVE,9.2
2C,542,437,QURU,8.5
2C,543,438,QURU,14.8
2C,544,439,QUMO,6.8
2C,545,440,QURU,16.7
2C,546,441,QURU,12
2C,548,443,QUMO,9.3
2C,549,444,QUVE,11.9
2C,550,445,QUMO,6.8
2C,551,446,QUMO,10.2
2C,552,447,QURU,12.6
2C,553,448,QUMO,12.8
2C,554,449,QUMO,9.8
2C,555,450,QUMO,5.6
2C,556,451,QUVE,16.4
2C,557,452,QUMO,14.5
2C,558,453,ACSA,7.9
2C,559,454,ACSA,5.9
2C,560,455,QURU,18.7
2C,561,456,QUVE,16.4
2C,562,457,QUMO,8.1
2C,563,458,OSVI,6.1
2C,564,459,QUVE,8
2C,565,460,CAGL,11
2C,566,461,CAGL,7.4
2C,567,462,QUMO,10.3
2C,568,463,QUAL,9.6
2C,569,464,ACSA,8.4
2C,570,465,QUMO,6.2
2C,571,466,QURU,5.9
2C,572,467,QUMO,9.9
2C,573,468,CAGL,6
2C,574,469,QUMO,10.1
2C,575,470,QURU,13.1
2C,576,471,QUMO,9.8
2C,577,472,QUMO,6
2C,578,473,QUMO,5.9
2C,579,474,QUVE,9.7
2C,580,475,QUVE,9.8
2C,581,476,QURU,9.8
2C,582,477,QURU,7.9
2C,584,479,QURU,9.6
2C,585,480,QUMO,12.3
2C,586,481,QUVE,14.3
2C,587,482,QUMO,8.9
2C,588,483,QURU,6.1
2C,589,484,QUVE,17.1
2C,590,485,QUMO,5.6
2C,591,486,QURU,8.1
2C,592,487,QUMO,5.7
2C,594,489,QURU,14
2C,595,490,QUMO,7.1
2C,596,491,QURU,12.8
2C,597,492,QURU,9.5
2C,598,493,QURU,10.6
2C,599,494,QURU,13.5
2C,600,495,QURU,13.8
2C,601,496,QURU,9.7
2C,602,497,QURU,16.1
2C,603,498,QURU,10.5
2C,604,499,PIST,6.9
2C,605,500,QURU,14.2
2C,606,501,QURU,12
2C,607,502,QURU,16.2
2C,608,503,QURU,18
2C,609,504,QURU,17.1
2C,610,505,QUMO,7
2C,611,506,CAGL,12.2
2C,612,507,QURU,20.7
2C,613,508,ACSA,11.1
2C,614,509,QURU,15.3
2C,615,510,QURU,12.1
2C,617,512,QURU,14.3
2C,618,513,QUMO,15.8
2C,619,514,QUMO,13.7
2C,620,515,QURU,13.2
2C,621,516,QURU,10.7
2C,622,517,QURU,11.4
2C,623,518,QURU,10.2
2C,624,519,QURU,14.6
2C,625,520,QURU,13.4
2C,626,521,QUMO,13.4
2C,627,522,QURU,9.5
2C,628,523,QURU,12.1
2C,629,524,QUMO,10.5
2C,630,525,QURU,13.9
2C,631,526,QUMO,12.5
2C,632,527,QURU,18
2C,633,528,QURU,7.9
2C,634,529,QURU,10.3
2C,635,530,QURU,15.8
2C,636,531,QUMO,6.4
2C,638,533,QUMO,6.2
2C,639,534,QURU,17.1
2C,640,535,QURU,19
2C,642,537,QURU,11.8
2C,643,538,QUMO,13.4
2C,644,539,QUMO,11.3
2C,645,540,CAGL,10.9
2C,646,541,QUMO,11.2
2C,647,542,QURU,6.5
2C,648,543,ACSA,5.8
2C,649,544,QUMO,12.3
2C,650,545,QUMO,6.3
2C,652,547,CATO,6.7
2C,653,548,QUMO,8.5
2C,654,549,QUVE,9.9
2C,656,551,CAGL,12.4
2C,657,552,CAGL,10.7
2C,658,553,QUMO,5.7
2C,659,554,QURU,7.7
2C,660,555,QURU,11.7
2C,661,556,PRSE,6.7
2C,662,557,QURU,6.1
2C,663,558,QURU,13.9
2C,664,559,QURU,7.3
2C,665,560,QURU,14.2
2C,666,561,QURU,5.6
2C,667,562,PIRI,10.4
2C,668,563,PIVI,14.8
2C,669,564,CAGL,6.3
2C,670,565,PIVI,14.3
2C,671,566,PIVI,11.3
2C,672,567,QURU,6.9
2C,673,568,QUMO,8.5
2C,674,569,QURU,9.6
2C,675,570,QURU,7
2C,676,571,QURU,8
2C,677,572,QUCO,13.7
2C,678,573,PIVI,14.7
2C,679,574,PIRI,9.8
2C,680,575,PIVI,14.8
2C,681,576,CAGL,10.5
2C,682,577,PIVI,12.2
2C,683,578,CATO,6.1
2C,684,579,QURU,14.9
2C,685,580,QUVE,11.1
2C,687,582,QUMO,7.5
2C,688,583,PIVI,7.2
2C,689,584,CATO,9.7
2C,690,585,CATO,8
2C,691,586,PIST,25.1
2C,692,587,ACRU,12.7
2C,693,588,PIVI,14.2
2C,694,589,PIST,21.7
2C,695,590,PIVI,14.7
2C,696,591,QURU,15.9
2C,697,592,QUMO,9.9
2C,698,593,QUMO,15
2C,699,594,QURU,12.7
2C,700,595,QUMO,8.9
2C,701,596,QURU,11.9
2C,702,597,QUMO,13.2
2C,703,598,QURU,12.4
2C,704,599,QURU,10.9
2C,705,600,CAGL,9.6
2C,706,601,QURU,10.9
2C,707,602,QURU,7.2
2C,708,603,PIST,25.7
2C,709,604,PIVI,16.1
2C,710,605,QURU,11.1
2C,711,606,PIVI,14.4
2C,712,607,PIRI,17.1
2C,713,608,QURU,13.9
2C,714,609,PIVI,8
2C,715,610,QURU,10.4
2C,716,611,QURU,17.1
2C,717,612,QURU,15.9
2C,718,613,QUVE,16
2C,719,614,QURU,8.1
2C,720,615,QUCO,16
2C,721,616,QURU,10
2C,722,617,QUMO,11
2C,723,618,QURU,16.4
2C,724,619,QURU,9.9
2C,725,620,QURU,12.6
2C,726,621,QURU,12.4
2C,727,622,QURU,9.9
2C,728,623,ACRU,9.3
2C,729,624,QURU,10.1
2C,730,625,PIRI,13.6
2C,731,626,PIRI,11.3
2C,732,627,ACRU,7.9
2C,733,628,PIVI,6.6
2C,734,629,PIVI,15.1
2C,735,630,PIVI,11.1
2C,736,631,QURU,21.5
2C,737,632,QURU,13
2C,738,633,QURU,8.4
2C,739,634,QUMO,7.4
2C,740,635,QURU,6.5
2C,741,636,QURU,13
2C,743,638,QURU,17.9
2C,744,639,QUMO,6.6
2C,745,640,QURU,9.9
2C,746,641,QURU,13.9
2C,747,642,CAGL,10.6
2C,748,643,QURU,6.8
2C,749,644,QURU,10.4
2C,750,645,QURU,22.6
2C,751,646,QUMO,10
2C,752,647,QURU,12.5
2C,753,648,QUMO,9.8
2C,754,649,QURU,14.6
2C,755,650,QURU,11.2
2C,756,651,QURU,6.6
2C,757,652,QUMO,11.3
2C,758,653,QURU,13.2
2C,759,654,QURU,11.4
2C,760,655,QURU,6.1
2C,761,656,QURU,16.4
2C,762,657,QURU,8.7
2C,764,659,PIVI,13.9
2C,765,660,QURU,7.3
2C,766,661,PIVI,15.6
2C,767,662,PIVI,8.9
2C,768,663,ACRU,7
2C,769,664,PIVI,8.3
2C,770,665,PIVI,16.5
2C,772,667,CAGL,6.3
2C,773,668,CATO,9
2C,774,669,QURU,19.7
2C,775,670,QUMO,13
2C,776,671,QURU,9.5
2C,777,672,QUMO,8.6
2C,778,673,QURU,8.5
2C,779,674,QUVE,21.6
2C,780,675,QURU,7.5
2C,781,676,QURU,14.8
2C,782,677,CAGL,6.5
2C,783,678,QURU,15.4
2C,784,679,QURU,15.8
2C,785,680,QUMO,8.4
2C,787,682,QURU,17.7
2C,788,683,QUMO,11.8
2C,789,684,QUMO,7.9
2C,790,685,QURU,18.9
2C,791,686,QURU,17.3
2C,792,687,QUMO,15.9
2C,793,688,QUMO,14.9
2C,794,689,QUMO,9.7
2C,795,690,QUMO,13.2
2C,796,691,QURU,18.4
2C,797,692,QURU,10.8
2C,798,693,QURU,13.8
2C,799,694,PIST,23.6
2C,800,695,PIRI,12
2C,801,696,QURU,7.6
2C,802,697,PIVI,13.3
2C,803,698,QURU,6.4
2C,804,699,QURU,6.4
2C,805,700,PIVI,15.9
2C,806,701,CAGL,7.6
2C,807,702,PIRI,11.7
1C,808,703,ACRU,19.6
1C,809,704,ACRU,10.6
1C,810,705,QURU,6.4
1C,811,706,SAAL,12.2
1C,812,707,QURU,16.5
1C,813,708,QURU,8.7
1C,814,709,QURU,10.7
1C,815,710,QUVE,18.5
1C,816,711,QURU,15.3
1C,817,712,PRSE,9.9
1C,818,713,PRSE,8.2
1C,819,714,ACRU,6.4
1C,820,715,ACRU,20.5
1C,821,716,ACRU,9.4
1C,822,717,PIVI,10.3
1C,833,718,QURU,9.1
1C,834,719,LITU,19.9
1C,835,720,QURU,15.7
1C,836,721,ACRU,6.2
1C,837,722,QURU,18.5
1C,838,723,ACRU,10.8
1C,839,724,QUVE,14
1C,840,725,NYSY,10.6
1C,841,726,CATO,10.7
1C,842,727,QUVE,19.5
1C,843,728,QUVE,18.4
1C,844,729,QUVE,5.7
1C,845,730,ACRU,13
1C,846,731,CAGL,9.8
1C,847,732,QUVE,13.5
1C,848,733,QUVE,19.6
1C,849,734,QUVE,14.4
1C,850,735,QUVE,15.3
1C,851,736,ACRU,13.2
1C,852,737,QUVE,20.2
1C,853,738,QUMO,21.8
1C,854,739,QUMO,18
1C,855,740,QUMO,19.3
1C,856,741,CAGL,13.5
1C,857,742,ACRU,20.7
1C,858,743,ACRU,14
1C,859,744,ACRU,15.3
1C,860,745,QUVE,14.6
1C,861,746,ACRU,7.8
1C,862,747,QUVE,17.1
1C,863,748,ACRU,11.2
1C,864,749,QUAL,13.2
1C,865,750,ACRU,11.5
1C,866,751,ACRU,12.4
1C,867,752,QUVE,13.6
1C,868,753,ACRU,8.5
1C,869,754,ACRU,8.3
1C,870,755,QUVE,22.2
1C,871,756,ACRU,10
1C,872,757,QUCO,18.4
1C,873,758,CATO,7.2
1C,874,759,QUMO,15.8
1C,875,760,QUMO,10
1C,876,761,CAGL,9.8
1C,877,762,CATO,8.5
1C,878,763,QUVE,15.8
1C,879,764,ACRU,15.8
1C,880,765,ACRU,8.3
1C,881,766,ACRU,9.2
1C,882,767,ACRU,13
1C,883,768,ACRU,14
1C,884,769,QURU,18.9
1C,885,770,ACRU,7.6
1C,886,771,QUVE,14.1
1C,887,772,ACRU,9.6
1C,888,773,PRSE,8.5
1C,889,774,QURU,11.1
1C,890,775,ACRU,9.6
1C,891,776,ACRU,6.3
1C,892,777,QUVE,15.8
1C,893,778,ACRU,7.9
1C,894,720,QUCO,15.7
1C,895,779,QUVE,21.9
1C,896,780,ACRU,8
1C,897,781,QURU,14.2
1C,898,782,ACRU,7.3
1C,899,783,ACRU,7.2
1C,900,784,ACRU,6.4
1C,901,785,ACRU,10.1
1C,902,786,ACRU,6
1C,903,787,PIST,17.4
1C,904,788,ACRU,11.6
1C,905,789,QUVE,9.4
1C,906,790,ACRU,15.3
1C,907,791,QUVE,13.4
1C,908,792,ACRU,12.4
1C,909,793,ACSA,9.8
1C,910,794,ACRU,10.6
1C,911,795,ACRU,10.6
1C,912,796,ACRU,10.3
1C,913,797,QUVE,11.3
1C,914,798,ACRU,6.2
1C,915,799,ACRU,7.7
1C,916,800,ACRU,12.2
1C,917,801,ACRU,13.6
1C,918,802,QURU,12.2
1C,919,803,QURU,16.6
1C,921,805,ACRU,10.1
1C,922,806,QUVE,10.9
1C,923,807,QURU,15.4
1C,924,808,CAGL,6.4
1C,925,809,CATO,9.7
1C,926,810,QURU,10.1
1C,927,811,QUCO,12.9
1C,928,812,QURU,24.5
1C,929,813,QUCO,15.3
1C,930,814,BELE,10.5
1C,931,815,CAGL,8.4
1C,932,816,CAGL,8.6
1C,933,817,QURU,12.6
1C,934,818,QUVE,11.1
1C,935,819,QUCO,7.6
1C,936,820,QUVE,10.2
1C,937,821,QUVE,12.3
1C,938,822,PIVI,10.2
1C,939,823,QURU,17.8
1C,940,824,QUVE,17.9
1C,941,825,QUVE,17.7
1C,942,826,BELE,7.6
1C,943,827,QUVE,11.5
1C,944,828,QUVE,9.7
1C,945,829,QUMO,12.6
1C,946,830,BELE,8.9
1C,947,831,QUVE,21
1C,948,832,ACRU,6
1C,949,833,QUVE,12.6
1C,950,834,QUVE,14.3
1C,951,835,BELE,8.1
1C,952,836,ACRU,9.8
1C,953,837,QUVE,15.3
1C,954,838,ACRU,8
1C,955,839,ACRU,7.6
1C,956,840,QURU,17.8
1C,957,841,QUVE,15.5
1C,958,842,QUVE,11.6
1C,959,843,QUVE,18.3
1C,960,844,QUVE,10.2
1C,961,845,QUVE,14.1
1C,962,846,ACRU,6.7
1C,963,847,QUVE,17.9
1C,964,848,QUVE,17.4
1C,965,849,QUVE,17.7
1C,966,850,QUVE,14.4
1C,967,851,QUVE,19
1C,968,852,QUVE,21.8
1C,969,853,CATO,7.5
1C,970,854,ACSA,13.7
1C,971,855,LITU,21.1
1C,972,856,QURU,23.1
1C,973,857,QUVE,16.1
1C,975,859,QURU,6.4
1C,976,860,ACRU,15
1C,977,861,QURU,13
1C,978,862,QURU,23.3
1C,979,863,QUVE,14.9
1C,980,864,ACRU,15.4
1C,981,865,ACRU,6.5
1C,983,867,ACRU,13.4
1C,984,868,QURU,20.6
1C,985,869,QURU,9.7
1C,986,870,ACRU,8.1
1C,988,872,ACRU,10.3
1C,989,873,QUVE,14.9
1C,990,876,ACRU,6.8
1C,991,874,ACRU,6.2
1C,992,875,ACRU,10.2
1C,993,877,QUVE,10.8
1C,994,878,QUVE,18.5
1C,995,879,ACRU,5.8
1C,996,880,ACRU,11.6
1C,997,881,ACRU,13.7
1C,998,882,ACRU,6.4
1C,999,883,ACSA,10.9
1C,1000,884,ACRU,7.1
1C,1001,885,QURU,16.2
1C,1002,886,ACRU,8.3
1C,1003,887,ACRU,6.1
1C,1004,888,QURU,10.5
1C,1005,889,QUVE,10.7
1C,1006,890,QUVE,15.7
1C,1007,891,ACRU,7.1
1C,1008,892,ACRU,6.3
1C,1009,893,SAAL,8.7
1C,1010,894,ACRU,6.1
1C,1011,895,CATO,7.9
1C,1012,896,ACRU,7.2
1C,1013,897,QUVE,12.1
1C,1014,898,QUVE,13.1
1C,1015,899,ACRU,11.7
1C,1016,900,PIST,24.8
1C,1017,901,QUMO,7.6
1C,1018,902,ACRU,6.1
1C,1019,903,ACRU,6
1C,1020,904,ACRU,7.3
1C,1021,905,ACRU,6.1
1C,1022,906,SAAL,6.7
1C,1023,907,ACRU,9.3
1C,1024,908,QUMO,16.8
1C,1026,910,QUVE,26.2
1C,1027,911,QUVE,12.1
1C,1028,912,QURU,7.7
1C,1029,913,QUVE,12
1C,1030,914,QUVE,10.4
1C,1031,915,QUVE,18.4
1C,1032,916,QUVE,11.6
1C,1033,917,CAGL,6.9
1C,1034,918,QUVE,17.1
1C,1035,919,CAGL,8.5
1C,1036,920,QUVE,11.5
1C,1037,921,CAGL,23.7
1C,1038,922,QUVE,13.3
1C,1039,923,QUMO,15.9
1C,1040,924,QUVE,21.6
1C,1041,925,CATO,10.7
1C,1042,926,PIST,19.1
1C,1043,927,CATO,15.8
1C,1044,928,QUVE,12.8
1C,1045,929,ACRU,10.5
1C,1046,931,QUVE,13.2
1C,1047,932,QURU,19.4
1C,1049,930,ACRU,8.2
1C,1050,934,CATO,7.2
1C,1051,935,QUAL,11.9
1C,1052,936,ACRU,9.7
1C,1053,937,ACRU,10.2
1C,1054,938,ACRU,9
1C,1055,939,QUAL,18.2
1C,1056,940,ACRU,12.6
1C,1057,941,QUAL,9.9
1C,1058,942,ACRU,13.9
1C,1059,943,ACRU,11.1
1C,1060,944,ACRU,12.4
1C,1061,945,QUVE,20
1C,1062,946,QUVE,15.7
1C,1063,947,QUVE,15.5
2H,1064,948,CATO,12.4
2H,1065,492,CATO,7.4
2H,1066,950,QURU,15.2
2H,1067,951,PIVI,12
2H,1068,952,CATO,5.6
2H,1069,949,CAGL,7.7
2H,1070,953,QURU,13.5
2H,1071,954,QURU,18.5
2H,1072,955,QURU,12.9
2H,1073,2004,ACRU,8.6
2H,1074,956,QURU,7.2
2H,1075,2019,QUMO,7.9
2H,1076,2052,ACRU,6.5
2H,1077,957,PIST,9.3
2H,1078,958,QUAL,11.9
2H,1079,2022,ACRU,6.3
2H,1080,959,QURU,5.6
2H,1081,960,QURU,15.4
2H,1083,961,QUVE,7.3
2H,1084,962,QUVE,14.5
2H,1085,963,ACSA,17.1
2H,1086,964,QURU,9
2H,1087,965,CAGL,13.6
2H,1088,2046,QUMO,6.3
2H,1089,966,CAOV,6.6
2H,1090,967,QUMO,11.8
2H,1091,968,QUMO,10.3
2H,1092,969,QUMO,8.1
2H,1093,970,QUMO,15
2H,1094,971,QURU,7.7
2H,1095,972,QUMO,10.1
2H,1096,973,QURU,9.4
2H,1097,974,QURU,13.2
2H,1099,975,QURU,6.9
2H,1100,976,ACRU,7.3
2H,1102,978,CATO,6.2
2H,1103,495,CATO,7.1
2H,1104,979,QURU,11.9
2H,1105,980,QUMO,11.9
2H,1106,981,QURU,7.6
2H,1107,982,QURU,9.6
2H,1108,983,OSVI,5.8
2H,1109,984,QURU,8.2
2H,1110,2045,QURU,7.5
2H,1111,985,QURU,7.9
2H,1112,2536,QURU,7.6
2H,1114,987,QUMO,9.7
2H,1115,988,QUMO,16.4
2H,1116,989,CAGL,8.2
2H,1117,990,QURU,7.1
2H,1118,991,QUMO,5.6
2H,1119,992,QURU,9.7
2H,1120,2559,QUMO,10.3
2H,1121,993,QURU,9.2
2H,1122,994,QUMO,12
2H,1123,995,QUAL,6.1
2H,1124,2063,QUMO,7.3
2H,1125,996,QUMO,8.8
2H,1126,997,QUMO,14.4
2H,1127,998,QUMO,6
2H,1128,2095,QUMO,14.3
2H,1129,999,QUMO,6.1
2H,1130,2082,QUMO,14.9
2H,1131,1000,QUMO,10.5
2H,1132,1001,QURU,16.6
2H,1134,2091,QUMO,12.2
2H,1135,1002,QUMO,10.7
2H,1136,2034,QUMO,6.5
2H,1137,1003,QURU,9.4
2H,1138,1004,QUMO,5.8
2H,1139,2678,QUMO,7.7
2H,1140,1005,QUMO,16.8
2H,1141,1006,QUMO,9.1
2H,1142,1007,QUMO,8.5
2H,1143,1008,QUMO,10.9
2H,1144,2574,QUMO,9.2
2H,1146,1009,QURU,17.3
2H,1147,2078,QUMO,7.4
2H,1148,2070,QUMO,7.3
2H,1149,1010,QUAL,9.5
2H,1150,1011,QURU,16.7
2H,1151,2537,QUMO,6.9
2H,1152,1012,QUMO,15.5
2H,1153,1013,QURU,8.8
2H,1154,2577,QUMO,8.2
2H,1155,2580,QUMO,9.2
2H,1156,1014,QURU,9.6
2H,1157,1015,QUMO,15.7
2H,1158,2583,QUMO,9.7
2H,1159,1016,QUMO,8.2
2H,1160,1017,QURU,11.3
2H,1161,1018,QUMO,9.2
2H,1162,1019,QUMO,8.1
2H,1164,1020,QUMO,5.6
2H,1165,1021,QURU,12.2
2H,1166,1022,QUMO,9.6
2H,1167,1023,AMAR,7.2
2H,1168,1024,QUCO,12.5
2H,1169,1025,CATO,10.2
2H,1170,497,CATO,7.4
2H,1171,1026,QURU,15
2H,1172,493,CATO,6.2
2H,1173,1027,QURU,13.2
2H,1174,1028,QURU,10.3
2H,1175,1029,QUMO,8.5
2H,1176,2592,QUMO,7.3
2H,1178,2564,QURU,6.2
2H,1179,1030,QUMO,8
2H,1180,2522,QUMO,6.2
2H,1181,1031,QUAL,17
2H,1183,2562,QURU,8.1
2H,1184,1033,QUMO,11.6
2H,1186,1034,QURU,15.8
2H,1187,1035,QUMO,11.8
2H,1188,1036,QURU,10.8
2H,1189,1037,QUCO,10.7
2H,1190,1038,QURU,15.9
2H,1191,1039,QUMO,11.5
2H,1192,1040,QURU,7.2
2H,1193,1041,QURU,12.8
2H,1194,1042,QURU,15.6
2H,1195,2077,QUMO,9.7
2H,1196,1043,QUMO,13.7
2H,1197,1044,QUMO,10.9
2H,1198,2074,QUMO,7.2
2H,1199,1045,QURU,15.7
2H,1200,1046,PIST,12.6
2H,1201,1047,QUAL,7.4
2H,1202,1048,QURU,10.9
2H,1203,1049,QUMO,11.2
2H,1204,2631,QUMO,8.2
2H,1205,2620,QUMO,7.2
2H,1206,1050,QUMO,12.3
2H,1207,1051,NYSY,6.2
2H,1208,2579,QUMO,9.1
2H,1209,1052,QUMO,11.8
2H,1210,1053,QURU,5.8
2H,1211,1054,QURU,9
2H,1212,1055,QURU,14.1
2H,1213,1056,QURU,9
2H,1214,1057,QUMO,5.9
2H,1215,1058,QUCO,18
2H,1216,1059,QUMO,7.1
2H,1217,1060,QUMO,16
2H,1218,2875,QUMO,11.3
2H,1220,2545,QURU,8.6
2H,1221,2593,QUMO,7.3
2H,1222,1061,QUMO,9.7
2H,1223,1062,QUMO,10
2H,1224,1063,QUMO,11.8
2H,1225,1064,QURU,17.4
2H,1226,1065,AMAR,6.8
2H,1227,1066,QURU,12.5
2H,1228,1067,QUMO,13.7
2H,1229,1068,CATO,12.9
2H,1230,2890,QUMO,9.6
2H,1231,1069,ACSA,12.9
2H,1232,2504,QUMO,6.9
2H,1233,1070,AMAR,6
2H,1234,2515,QURU,8.5
2H,1235,1071,CAGL,8.2
2H,1236,1072,QURU,20.4
2H,1237,2875,QUMO,11.3
2H,1238,2859,QUMO,12.3
2H,1239,2813,QUMO,7.6
2H,1240,2883,QUMO,7.4
2H,1241,1073,QUMO,8.9
2H,1242,1074,QURU,7.1
2H,1243,2832,QUMO,7.9
2H,1244,2821,QUMO,10.4
2H,1245,1075,QUMO,10.3
2H,1246,1076,QUMO,13
2H,1247,1077,QURU,10.7
2H,1248,1078,QURU,16.2
2H,1249,2824,QUMO,11.3
2H,1250,1079,QURU,13.3
2H,1251,1080,QUMO,6
2H,1252,1081,QURU,11.3
2H,1253,2810,QUMO,8.9
2H,1254,1082,PIST,21.4
2H,1255,1083,QUMO,10.5
2H,1256,1084,QURU,19
2H,1257,2658,QURU,7.5
2H,1258,1085,QURU,10.4
2H,1259,1086,QURU,12
2H,1260,1087,QURU,17.6
2H,1261,1088,QURU,9.2
2H,1262,1089,CAGL,9.7
2H,1263,1090,QURU,14.8
2H,1264,1091,QUMO,9.4
2H,1265,1092,QUMO,5.9
2H,1266,2099,PIST,10.5
2H,1267,1093,QUMO,7.6
2H,1268,1094,QURU,11.5
2H,1270,1095,QURU,12.7
2H,1271,2585,QURU,10
2H,1272,2600,QUMO,7.8
2H,1273,2587,QUMO,9.4
2H,1274,2535,QURU,6.3
2H,1275,1096,QUVE,10.6
2H,1276,1097,QUMO,14.1
2H,1277,1098,QUVE,12.5
2H,1278,1099,QURU,8.8
2H,1279,1100,QUMO,7.4
2H,1280,1101,QUMO,8.6
2H,1281,1102,QURU,9.7
2H,1282,2876,QUMO,6.4
2H,1283,1103,QURU,10
2H,1284,1104,QUVE,12.2
2H,1285,171,QURU,8.2
2H,1286,1105,QURU,19
2H,1287,1106,QUMO,11.3
2H,1288,1107,ACSA,6.8
2H,1289,1108,QUVE,18.6
2H,1290,1109,ACSA,9.4
2H,1291,1110,ACSA,9.5
2H,1292,1111,QURU,15.2
2H,1294,1113,CAGL,11.3
2H,1295,2877,QURU,6.7
2H,1296,1114,QUMO,5.7
2H,1297,1115,QUMO,5.8
2H,1298,1116,QURU,13.4
2H,1299,2833,QUMO,6.2
2H,1300,2898,QUVE,7
2H,1301,1117,QURU,9
2H,1302,1118,QURU,12.7
2H,1303,1119,QUMO,8.6
2H,1304,1120,QURU,15.8
2H,1305,2642,ACSA,7.2
2H,1306,1121,QUMO,11.8
2H,1307,1122,QURU,16
2H,1308,1123,PIST,10.9
2H,1309,2609,QURU,8.6
2H,1310,1124,ACRU,13.5
2H,1311,2595,ACRU,7.6
2H,1312,1125,QUMO,9.4
2H,1313,1126,QUMO,6.7
2H,1314,1127,QUMO,10.4
2H,1315,1128,QURU,8.4
2H,1316,1129,QUMO,10.7
2H,1317,1130,QUMO,8.3
2H,1319,1132,QUMO,18.6
2H,1320,1133,QURU,17.1
2H,1321,1134,QUMO,8.4
2H,1322,2880,CAGL,7.5
2H,1323,1135,QUMO,6.3
2H,1324,1136,QUVE,17.6
2H,1325,1137,QURU,8
2H,1326,1138,QUMO,9.9
2H,1327,2801,QUMO,6
2H,1328,1139,QURU,16.2
2H,1329,919,ACRU,6.9
2H,1330,1140,QUAL,6.6
2H,1331,1141,QUMO,7.5
2H,1332,1142,ACRU,5.8
2H,1333,1143,QUMO,6.4
2H,1334,927,ACRU,6.2
2H,1335,1144,QURU,25.7
2H,1336,1145,QUMO,10.3
2H,1337,797,ACRU,5.9
2H,1338,1146,QUAL,10.3
2H,1339,1147,PIST,18.6
2H,1340,793,QUMO,6.6
2H,1341,1148,CAGL,9.8
2H,1342,1149,QUAL,13.8
2H,1343,1150,PIST,26.3
2H,1344,1151,AMAR,10.2
2H,1346,1152,QUAL,6.1
2H,1348,1154,QUAL,16.2
2H,1349,1155,TSCA,20.7
2H,1350,1156,QUMO,13.1
2H,1351,1157,QURU,13.3
2H,1352,1158,QUMO,8.9
2H,1353,975,QUMO,12.3
2H,1354,1159,QUAL,12.9
2H,1355,994,CAGL,8.4
2H,1356,1161,QURU,12.5
2H,1357,1160,QUMO,10.3
2H,1358,938,QUAL,10.5
2H,1359,1162,QUMO,8.1
2H,1360,1163,QURU,12.8
2H,1361,1164,CAGL,9.4
2H,1362,1165,QUMO,11.3
2H,1363,2644,QUMO,11.9
2H,1364,1166,CAGL,13.9
2H,1365,1167,QUMO,5.7
2H,1366,2602,QUMO,6.9
2H,1367,2819,QUMO,7.6
2H,1368,2872,QUMO,6.1
2H,1369,1168,QURU,6.2
2H,1370,2851,QURU,7.5
2H,1371,1169,ACRU,5.8
2H,1372,2815,QUMO,6.2
2H,1374,2696,QUMO,8.1
2H,1375,1171,QUMO,13.5
2H,1376,2640,QUMO,6.5
2H,1377,1172,QURU,10.1
2H,1378,1173,QURU,10.7
2H,1379,1174,QURU,5.6
2H,1380,2690,QURU,7.4
2H,1381,1175,QUMO,16.6
2H,1382,2665,QUMO,8.7
2H,1383,916,QUMO,7.4
2H,1384,1176,QUAL,13.9
2H,1385,1177,QUMO,8.7
2H,1386,1178,QUAL,7.8
2H,1387,2664,QUMO,7
2H,1388,2601,QUMO,7.2
2H,1389,1179,CAGL,13.7
2H,1390,2840,QUMO,12.3
2H,1391,2894,QUMO,8.2
2H,1393,2899,QURU,6
2H,1395,1180,QUAL,7.1
2H,1396,1181,QUMO,11.7
2H,1397,2613,QURU,8.1
2H,1398,915,QUVE,11.8
2H,1399,913,QUMO,10.8
2H,1400,1182,QUMO,10.5
2H,1401,1183,QUAL,15.8
2H,1402,944,QUMO,8
2H,1402,2608,QUMO,6.5
2H,1403,992,QUMO,12.5
2H,1403,1184,QUMO,13.1
2H,1404,1185,QUVE,13
2H,1405,914,QUMO,6.5
2H,1406,1186,QUMO,10.1
2H,1407,4794,QUMO,10.6
2H,1408,1187,QUMO,8.4
2H,1410,1188,QUAL,15.3
2H,1411,2647,QUMO,6.4
2H,1412,2648,CATO,6.7
2H,1413,1190,QUAL,13.3
2H,1414,1189,QUAL,9.3
2H,1415,2858,ACRU,6.3
2H,1416,1191,QUMO,16.8
2H,1417,1192,QURU,11
2H,1418,1193,QUAL,11.5
2H,1419,2634,QUMO,10.5
2H,1420,1194,QUAL,14.6
2H,1421,1195,PIVI,16.3
2H,1422,1196,CAGL,11.5
2H,1423,2659,QUMO,6.5
2H,1424,1197,QURU,8.1
2H,1425,2676,QURU,7.1
2H,1426,1198,QUMO,9.5
2H,1427,1199,PIST,7.7
2H,1428,1200,QUAL,17
2H,1429,905,QUMO,7
2H,1430,1201,PRSE,5.9
2H,1431,1202,CAGL,5.8
2H,1432,972,QUAL,12.3
2H,1433,1203,PIST,14.7
2H,1434,1204,PIST,15.1
2H,1435,1205,PIST,10.8
2H,1437,959,QURU,9.2
2H,1438,1207,PRSE,9.3
2H,1440,1209,QURU,7.9
2H,1441,1210,CAGL,13
2H,1442,1211,OSVI,6.4
2H,1443,1212,QURU,17.5
2H,1444,1213,TSCA,25.3
2H,1445,1214,QUAL,12.7
2H,1446,1215,QURU,15.4
2H,1447,1216,QUMO,8.4
2H,1448,1217,PIST,24.9
3C,1449,1218,CATO,5.8
3C,1451,1220,ACSA,13.7
3C,1452,1221,QURU,9.2
3C,1454,1223,QUMO,5.6
3C,1455,1224,QUMO,15.8
3C,1456,1225,QUMO,13.8
3C,1457,1226,QUMO,6.8
3C,1458,1227,QUMO,13.3
3C,1459,1228,QUMO,8.5
3C,1461,1230,QUMO,6.2
3C,1462,1231,QUMO,7.1
3C,1464,1233,QUMO,18
3C,1465,1234,ACSA,12.5
3C,1466,1235,QUMO,5.7
3C,1467,1236,QUMO,13.2
3C,1468,1237,QURU,8.4
3C,1469,1238,QURU,6.3
3C,1470,1239,QUMO,7.3
3C,1471,1240,QUMO,7.3
3C,1472,1241,CAGL,5.9
3C,1473,1242,QURU,7.5
3C,1474,1243,QUMO,6.7
3C,1476,1245,QUMO,6.3
3C,1477,1246,QURU,7.9
3C,1478,1247,QUMO,6.7
3C,1479,1248,QUMO,6.9
3C,1480,1249,QUMO,6.2
3C,1481,1250,QUMO,15.1
3C,1482,1251,QUMO,7.2
3C,1483,1252,QUMO,15.7
3C,1484,1253,QUMO,15.7
3C,1485,1254,QURU,13.8
3C,1486,1255,QUMO,13.6
3C,1487,1256,QUMO,10.6
3C,1488,1257,QUMO,9.6
3C,1489,1258,QUMO,10.3
3C,1490,1259,QUMO,9.8
3C,1491,1260,QUMO,6.2
3C,1492,1261,QURU,8.8
3C,1493,1262,QUMO,7.3
3C,1494,1263,QUMO,11.3
3C,1495,1264,QUMO,6.5
3C,1496,1265,QUMO,10.9
3C,1497,1266,QUMO,10.5
3C,1498,1267,QUMO,6.8
3C,1499,1268,QUMO,8.5
3C,1500,1269,QUMO,8.6
3C,1501,1270,QUMO,8.8
3C,1501,1273,QUMO,6.2
3C,1502,1271,QUMO,10.2
3C,1502,1274,QUMO,10
3C,1503,1272,QUMO,14.5
3C,1503,1275,QUMO,13.6
3C,1505,1277,QUMO,5.9
3C,1506,1278,QUMO,12
3C,1507,1279,QUMO,12.4
3C,1508,1280,QUMO,9.6
3C,1509,1281,QUMO,11.3
3C,1510,1282,QUMO,6.8
3C,1511,1283,QUMO,7.5
3C,1512,1284,QUMO,6.6
3C,1513,1285,QURU,12.5
3C,1516,1288,QUMO,10
3C,1517,1289,QURU,9.5
3C,1518,1290,QUMO,11.6
3C,1519,1291,QURU,7.6
3C,1520,1292,QUMO,10.9
3C,1521,1293,QUMO,13.9
3C,1522,1294,QUMO,13
3C,1523,1295,QUMO,5.8
3C,1524,1296,QUMO,6.1
3C,1525,1297,QURU,7.4
3C,1526,1298,QUCO,6.5
3C,1527,1299,QUCO,9.9
3C,1528,1300,QUMO,11.3
3C,1529,1301,QUMO,8.4
3C,1530,1302,QUMO,10.9
3C,1531,1303,QUMO,16.8
3C,1532,1304,QUMO,7.5
3C,1534,1306,QUMO,8.1
3C,1535,1307,QUMO,14.5
3C,1537,1309,QUMO,8
3C,1538,1310,QUMO,11
3C,1539,1311,QUMO,7.7
3C,1540,1312,QUMO,8.3
3C,1541,1313,QURU,13.7
3C,1542,1314,QUMO,9.9
3C,1543,1315,QUMO,10.1
3C,1544,1316,QUVE,13
3C,1545,1317,QUCO,13.3
3C,1546,1318,QUMO,13.7
3C,1547,1319,QURU,10.2
3C,1548,1320,QUMO,11.7
3C,1549,1321,QURU,8.1
3C,1550,1322,QURU,15.3
3C,1551,1323,QUMO,11.9
3C,1555,1327,QURU,9.8
3C,1556,1328,QUCO,14.4
3C,1557,1329,QUMO,6.3
3C,1558,1330,QUMO,10.2
3C,1559,1331,QUMO,8
3C,1560,1332,QURU,5.8
3C,1561,1333,QUMO,9.5
3C,1562,1334,QUMO,9.7
3C,1563,1335,QURU,8.8
3C,1564,1336,QUMO,5.8
3C,1565,1337,QUMO,9
3C,1566,1338,QUMO,9.9
3C,1567,1339,QUMO,9.1
3C,1568,1340,QURU,12.3
3C,1569,1341,QURU,8.4
3C,1570,1342,QUMO,17.5
3C,1571,1343,QUMO,9.6
3C,1572,1344,QUMO,9.3
3C,1573,1345,QUMO,6.5
3C,1574,1346,QUMO,5.9
3C,1575,1347,QURU,5.8
3C,1576,1348,QUMO,8.2
3C,1577,1349,QUMO,14.3
3C,1578,1350,QUMO,12.3
3C,1579,1351,QUMO,11.6
3C,1580,1352,QUVE,13.5
3C,1581,1353,QUMO,12.3
3C,1582,1354,QUMO,9
3C,1583,1355,QURU,15.4
3C,1584,1356,QUMO,12.7
3C,1585,1357,QURU,22.1
3C,1586,1358,QUMO,13.3
3C,1587,1359,QURU,13.1
3C,1588,1360,ACRU,15.8
3C,1589,1361,QUMO,7.6
3C,1590,1362,QUMO,17.3
3C,1591,1363,QURU,6.8
3C,1592,1364,QUMO,13.2
3C,1593,1365,QURU,8
3C,1594,1366,QURU,18.7
3C,1597,1369,QUMO,6.5
3C,1598,1370,PIST,15.6
3C,1599,1371,QUMO,11.2
3C,1600,1373,QUMO,9.1
3C,1601,1372,QUMO,9.8
3C,1602,1374,QURU,12.7
3C,1603,1375,QURU,16.1
3C,1604,1376,QURU,14.2
3C,1605,1377,QURU,8.3
3C,1606,1378,ACRU,9.9
3C,1607,1379,CAGL,6.8
3C,1608,1380,CAGL,9.2
3C,1609,1381,QUMO,8.8
3C,1610,1382,QURU,15.9
3C,1611,1383,QURU,11.7
3C,1612,1384,QURU,17.4
3C,1613,1385,QURU,13.6
3C,1614,1386,QURU,16
3C,1615,1387,QURU,12.5
3C,1616,1388,QUMO,8.5
3C,1617,1389,QURU,15.4
3C,1618,1390,CAGL,11.6
3C,1619,1391,QUAL,6.9
3C,1620,1392,QUMO,6.3
3C,1621,1393,QURU,14
3C,1622,1394,QURU,9.5
3C,1623,1395,QUAL,8.7
3C,1624,1396,QURU,15.7
3C,1625,1397,QUMO,13
3C,1626,1398,QURU,19.7
3C,1627,1399,NYSY,6.3
3C,1628,1400,ACRU,10.9
3C,1629,1401,QUMO,10.2
3C,1630,1402,CAGL,6.2
3C,1631,1403,QURU,6.5
3C,1632,1404,CAGL,11.9
3C,1633,1405,QUMO,14.1
3C,1634,1406,QURU,11.9
3C,1635,1407,QURU,13
3C,1636,1408,QURU,14.4
3C,1637,1409,QURU,13.3
3C,1638,1410,QUMO,13
3C,1639,1411,QUMO,10.3
3C,1641,1413,QUMO,9.7
3C,1642,1414,CAGL,9.8
3C,1643,1415,CAGL,13.9
3C,1644,1416,QURU,9.7
3C,1645,1417,QUMO,9.3
3C,1646,1418,ACRU,6.6
3C,1647,1419,QUMO,5.9
3C,1648,1420,CAGL,8.2
3C,1649,1421,QUMO,9
3C,1650,1422,QUMO,8.5
3C,1651,1423,QURU,19.3
3C,1652,1424,QUMO,6.1
3C,1653,1425,QUAL,8.5
3C,1654,1426,CAGL,7.8
3C,1655,1427,QUMO,15
3C,1656,1428,PIST,8.9
3C,1657,1429,QURU,14.1
3C,1658,1430,QURU,15.1
3C,1659,1431,QURU,14
3C,1660,1432,QURU,11
3C,1661,1433,QURU,11.4
3C,1662,1434,QUVE,11.1
3C,1663,1435,QURU,15.6
3C,1664,1436,QURU,12.4
3C,1665,1437,QUMO,8.7
3C,1666,1438,QUMO,12.2
3C,1667,1439,QUMO,11.4
3C,1668,1440,QUMO,13
3C,1669,1441,QUMO,13.2
3C,1670,1445,QUMO,10.5
3C,1671,1442,QUMO,11.7
3C,1672,1443,QUMO,11.8
3C,1673,1444,QUMO,10.9
3C,1674,1446,QURU,8.3
3C,1675,1447,QUMO,8
3C,1676,1448,QUMO,12.1
3C,1677,1449,QURU,14.4
3C,1678,1450,QUAL,13.2
3C,1679,1451,QUAL,16.3
3C,1680,1452,QUAL,10.2
3C,1681,1453,QUMO,7
3C,1682,1454,ACRU,6.5
3C,1683,1455,QURU,16.7
3C,1684,1456,QURU,7.7
3C,1685,1457,QUMO,13.6
3C,1686,1458,CAGL,13.3
3C,1687,1459,QUMO,5.8
3C,1688,1460,QUMO,8.8
3C,1690,1462,QUMO,13.8
3C,1691,1463,CAGL,11.6
3C,1692,1464,CAGL,6.7
3C,1693,1465,QUMO,9
3C,1694,1466,QUMO,9
3C,1695,1467,QUCO,11.5
3C,1696,1468,QURU,12.6
3C,1697,1469,PIST,18.5
3C,1698,1470,NYSY,8.2
3C,1699,1471,NYSY,8.8
3C,1700,1472,QUAL,22.2
3C,1701,1473,QUMO,11.4
3C,1703,1474,QUMO,6.2
3C,1704,1475,QUMO,10
3C,1705,1476,QUAL,8.8
3C,1706,1477,QUAL,11.3
3C,1707,1478,QUMO,11.3
3C,1708,1479,QUVE,11.7
3C,1709,1480,QUMO,11.5
3C,1710,1481,QUAL,11.5
3C,1711,1482,QUAL,10.9
3C,1712,1483,QUMO,8.8
3C,1713,1484,QUAL,12.4
3C,1714,1485,QUAL,8.5
3C,1715,1486,QUAL,12.3
3C,1716,1487,QUAL,14.2
3C,1717,1488,QUMO,10.4
3C,1718,1489,AMAR,5.6
3C,1719,1490,QURU,6.8
3C,1720,1491,QUAL,16.4
3C,1721,1492,TSCA,17
3C,1722,1493,QURU,14.3
3C,1723,1494,QURU,11.1
3C,1724,1495,QURU,9.8
3C,1725,1496,ACRU,5.7
3C,1726,1497,QURU,9.8
3C,1727,1498,QUAL,8.5
3C,1728,1499,QUMO,11.6
3C,1730,1501,QUMO,12.1
3C,1731,1502,QUMO,13.2
3C,1732,1503,QUMO,8.9
3C,1733,1504,QURU,8.7
3C,1734,1505,QUAL,5.9
3C,1735,1506,QUCO,12.6
3C,1736,1507,QUMO,10.6
3C,1737,1508,QURU,12.7
3C,1738,1509,QURU,6.4
3C,1739,1510,PIST,14.2
3C,1740,1511,QUCO,18.1
3C,1741,1512,QURU,21.1
3C,1742,1513,PRSE,9.3
3C,1743,1514,QURU,11.9
3C,1744,1515,QUAL,13.2
3C,1745,1516,QUMO,10.1
3C,1746,1517,QUMO,6.3
3C,1747,1518,QUMO,6.4
3C,1748,1519,QURU,7
3C,1749,1520,QUAL,8.6
3C,1750,151,QUVE,16.8
3C,1751,1522,QUMO,12.7
3C,1752,1523,QURU,14.1
3C,1753,1524,QUAL,7.4
3C,1754,1525,QUAL,9.7
3C,1755,1526,QUAL,8.7
3C,1756,1527,QUAL,12
3C,1758,1529,QUAL,9.9
3C,1759,1530,QUMO,5.8
3C,1760,1531,QUAL,6.5
3C,1761,1532,PIST,10.5
3C,1762,1533,QUMO,10.9
3C,1763,1534,QUMO,14.5
3C,1764,1535,QUMO,10.1
3C,1765,1536,PIST,23.1
3C,1766,1537,QURU,6.7
3C,1767,1538,QUAL,6.7
3C,1768,1539,PIST,18.2
3C,1769,1540,QUAL,10.1
3C,1770,1541,QUAL,7.3
3C,1771,1542,PIST,11.7
3C,1772,1543,QURU,10.1
3C,1773,1544,QURU,11
3C,1774,1545,QUAL,13.9
3C,1775,1546,QUAL,11
3C,1776,1547,QURU,8
3C,1777,1548,PIST,19.5
3C,1778,1549,QUMO,12.8
3C,1779,1550,QURU,12.8
3C,1780,1551,QUAL,11.5
3C,1781,1552,QURU,18.1
3C,1782,1553,QURU,16.6
3C,1783,1554,QURU,16.9
3C,1784,1555,QUCO,7.9
3C,1785,1556,QUMO,10.6
3C,1786,1557,QUMO,6
3C,1787,1558,OSVI,10.5
3C,1788,1559,QUMO,7.3
3C,1789,1560,PIST,22.9
3C,1790,1561,PIST,8
3C,1791,1562,CAGL,6.4
3C,1792,1563,CAOV,7.5
3C,1793,1564,PIVI,16.6
3C,1794,1565,AMAR,7.3
3C,1795,1566,ACRU,10.5
3C,1796,1567,QUAL,16.5
3C,1797,1568,QUMO,12.4
3C,1798,1569,PIVI,15.2
3C,1799,1570,QUMO,11.8
3C,1800,1571,QURU,15
3C,1802,1573,PIVI,10.7
3C,1803,1574,QURU,6.7
3C,1804,1575,QUCO,15.3
3C,1805,1576,PIST,10.3
3C,1806,1577,QUMO,10.9
3C,1807,1578,QUAL,11.4
3C,1808,1579,QUMO,7.9
3C,1809,1580,PIVI,14.9
3C,1810,1581,QUMO,8
3C,1811,1582,QUMO,6.5
3C,1812,1583,QUAL,9.2
3C,1813,1584,QUMO,6.2
3C,1814,1585,CAGL,23.2
3C,1815,1586,QUAL,10.2
3C,1816,1587,QUAL,10.9
3C,1817,1588,PRSE,11.2
3C,1818,1589,QUAL,8.1
3C,1819,1590,CATO,8.1
3C,1820,1591,QUMO,5.6
3C,1821,1592,QUMO,8.9
3C,1822,1593,QUAL,11.8
3C,1823,1594,QUAL,10.3
3C,1824,1595,QURU,12.9
3H,1825,1596,QURU,6.3
3H,1826,1597,AMAR,11.4
3H,1827,1598,CAGL,10
3H,1828,1599,CAOV,11.9
3H,1829,1600,QUMO,7.5
3H,1830,1601,QUMO,13.7
3H,1831,436,QUMO,7.3
3H,1832,1602,QUCO,15.2
3H,1833,1603,QUMO,14.6
3H,1834,1604,QUMO,13.6
3H,1835,1605,QUMO,16.1
3H,1836,1606,QURU,20.3
3H,1837,304,QUMO,13.1
3H,1838,1607,QUCO,20.6
3H,1839,1608,QUMO,15.2
3H,1840,1609,QURU,23.1
3H,1841,1610,QUMO,8.3
3H,1842,1611,QUAL,9.4
3H,1843,1612,QUMO,15.3
3H,1844,357,QUMO,7.9
3H,1845,1613,QUMO,13.5
3H,1846,1614,ACSA,12.7
3H,1847,1616,QUMO,14.3
3H,1848,1615,QUMO,13.5
3H,1849,1617,QUMO,7.3
3H,1850,1618,QUAL,5.9
3H,1851,1619,CAGL,8.4
3H,1852,391,CAGL,7.4
3H,1853,1620,QUAL,11.7
3H,1854,1621,QUMO,14
3H,1855,363,CAGL,8
3H,1856,390,CAGL,6.3
3H,1857,1622,CAGL,12.6
3H,1858,1623,CAGL,5.8
3H,1859,1624,QUMO,11.4
3H,1860,1625,QURU,13.6
3H,1861,1626,QURU,14.3
3H,1862,1627,QUMO,10.9
3H,1863,1628,QUMO,11.1
3H,1864,1629,CAGL,7.1
3H,1865,1630,QUMO,11.8
3H,1866,1631,QUMO,9.1
3H,1867,1632,QUMO,7.5
3H,1868,1633,QURU,26
3H,1869,1634,QURU,20.7
3H,1870,1635,QUMO,9
3H,1871,1636,CAGL,8.1
3H,1872,1637,QURU,6.2
3H,1873,1638,QUMO,5.6
3H,1874,1639,QUMO,11.6
3H,1875,1640,QUMO,10.2
3H,1876,1641,QUMO,9.7
3H,1877,1642,QUMO,8.2
3H,1878,1643,QUMO,5.7
3H,1879,1644,QUMO,10
3H,1880,1645,QUVE,15.5
3H,1881,1646,QUMO,5.6
3H,1882,1647,QUMO,9.5
3H,1883,1648,QUMO,5.8
3H,1884,1649,PIST,22.5
3H,1885,1650,QUMO,11
3H,1886,1651,QUVE,8.7
3H,1887,1652,QUMO,16.2
3H,1889,1654,QURU,5.6
3H,1890,1655,QUMO,11.4
3H,1891,1656,QURU,15.3
3H,1892,1657,QUCO,11.3
3H,1893,1658,CAGL,5.7
3H,1894,1659,QUMO,15.2
3H,1895,1660,QURU,17.2
3H,1896,1661,QUAL,25.6
3H,1898,1663,QUAL,17.9
3H,1899,1664,QURU,13.7
3H,1900,1665,QUMO,13.9
3H,1902,1667,QUCO,13
3H,1903,1668,QUMO,8.3
3H,1904,1669,QUMO,5.9
3H,1905,1670,QUMO,5.9
3H,1906,1671,QUAL,20.2
3H,1907,1672,QUMO,9.5
3H,1908,1673,QUVE,11.1
3H,1909,1674,QUMO,6.5
3H,1910,1675,QUVE,9.6
3H,1911,1676,CAGL,6.6
3H,1912,1677,CATO,6.6
3H,1913,1678,QUMO,7.7
3H,1914,1679,QUMO,8.5
3H,1915,1680,QUMO,6.7
3H,1916,1681,QUMO,11
3H,1917,1682,QUAL,10.6
3H,1918,1683,QUMO,8.9
3H,1919,1684,CAGL,11.8
3H,1920,372,CAGL,6.6
3H,1921,1685,QUCO,16.9
3H,1922,1686,QUVE,8.4
3H,1923,1687,QURU,7.7
3H,1924,1688,QUMO,5.8
3H,1925,1689,QURU,11.2
3H,1926,1690,PIVI,14.2
3H,1927,1691,CAGL,7.4
3H,1928,1692,QURU,8.6
3H,1929,1693,QUMO,6.2
3H,1930,1694,QUMO,7.6
3H,1931,1695,QUAL,26.5
3H,1932,1696,QUAL,23.2
3H,1933,1697,QUAL,7.2
3H,1934,1698,PIVI,11.4
3H,1935,1699,PIST,11.9
3H,1936,1700,QUMO,13.1
3H,1937,1701,QURU,5.8
3H,1938,1702,QUCO,22.1
3H,1939,1703,QUAL,21.8
3H,1940,1704,QUMO,9.5
3H,1941,1705,QUMO,7.5
3H,1942,1706,QURU,15.3
3H,1943,1707,QUAL,25.2
3H,1944,1708,QUMO,10.4
3H,1945,1709,QUVE,15.9
3H,1946,1710,QUAL,19
3H,1947,1711,QUVE,11.5
3H,1948,1712,QUCO,13.6
3H,1949,1713,QUMO,13.3
3H,1950,1714,QURU,9.7
3H,1951,1715,QUMO,8.8
3H,1952,1716,QUMO,6.4
3H,1953,1717,QUAL,15.1
3H,1954,1718,PIST,7.2
3H,1955,1719,QUMO,9.8
3H,1956,1720,QUCO,15.5
3H,1957,1721,QUMO,18.7
3H,1958,1722,QUVE,17.6
3H,1959,1723,QURU,16.1
3H,1960,272,QURU,6.6
3H,1961,1724,QUAL,14
3H,1962,1725,QURU,17.9
3H,1963,1726,QUCO,9.8
3H,1965,1728,QUMO,13.2
3H,1966,1729,QUMO,5.6
3H,1967,1730,QURU,7.4
3H,1968,1731,QUMO,8.5
3H,1969,1732,QUMO,7
3H,1970,22,QURU,10.8
3H,1971,1733,QUMO,6.6
3H,1972,1734,QUMO,13.1
3H,1973,1735,QUCO,14.4
3H,1974,1736,QURU,5.9
3H,1975,1737,QUMO,5.7
3H,1976,1738,QUMO,14.2
3H,1977,1739,PIVI,13.9
3H,1978,1740,QURU,11
3H,1979,1741,QUCO,17.2
3H,1980,1742,QUMO,8.7
3H,1981,1743,QUMO,6
3H,1982,1744,CAGL,10.4
3H,1983,1745,QUCO,10.1
3H,1984,1746,QUAL,6.7
3H,1985,1747,QURU,12.6
3H,1986,1748,QUAL,15.5
3H,1987,1749,QUAL,15.2
3H,1988,1750,QUMO,13.3
3H,1989,1751,NYSY,6.4
3H,1990,1752,NYSY,6.5
3H,1991,1753,NYSY,6.1
3H,1992,1754,QUMO,12.4
3H,1993,1755,ACSA,13.4
3H,1994,1756,PIVI,14.3
3H,1995,1757,QUMO,8.7
3H,1996,1758,QUMO,13.8
3H,1997,1759,QUAL,30.6
3H,1998,1760,PIST,19.8
3H,1999,1761,TSCA,15
3H,2000,1762,PIST,13.2
3H,2001,1763,PIST,14
3H,2002,1764,NYSY,14.8
3H,2003,1765,QUAL,25
3H,2006,1768,NYSY,12.8
3H,2007,1769,QUAL,15.3
3H,2008,1770,QUVE,19
3H,2009,1771,CAOV,6.3
3H,2010,1772,CAGL,11.9
3H,2011,1773,QURU,14.3
3H,2012,1774,AMAR,8.2
3H,2013,1775,QUAL,13.5
3H,2014,1776,QUAL,13.4
3H,2015,1777,AMAR,7.6
3H,2016,1778,QURU,10.8
3H,2017,1779,QUAL,5.7
3H,2018,1780,QUMO,10.2
3H,2019,1781,ACRU,5.6
3H,2020,1782,QUAL,17.7
3H,2021,1783,QUCO,10.7
3H,2022,1784,QUAL,16.8
3H,2023,1785,QUCO,8.3
3H,2024,1786,CAGL,10
3H,2025,349,CAGL,9.4
3H,2026,1787,CAGL,20.4
3H,2027,1788,QUMO,12.7
3H,2028,1789,QUMO,9
3H,2029,1790,QURU,24
3H,2030,1791,QURU,22.6
3H,2031,1792,QURU,20.8
3H,2032,1793,PIVI,13.8
3H,2033,1794,PIVI,18.5
3H,2034,1795,QUMO,12.4
3H,2035,1796,QUVE,22.2
3H,2036,1797,QUMO,15.9
3H,2037,1798,QUMO,8.5
3H,2038,1800,QUMO,26.7
3H,2039,1801,QUAL,13.2
3H,2040,1802,QUVE,17.5
3H,2041,1803,QUAL,12.8
3H,2042,230,QUMO,9.4
3H,2043,1804,CAGL,16
3H,2044,1805,QURU,17.8
3H,2045,301,QUAL,10.3
3H,2046,1806,QURU,20
3H,2047,1807,QUAL,11.3
3H,2048,1808,PIST,22.1
1C,1025a,909,ACRU,24.4
1C,1025b,909,ACRU,12
1C,1048a,933,ACRU,12.2
1C,1048b,933,ACRU,6.7
2H,1082a,2035,ACRU,5.9
2H,1082b,2035,ACRU,6
2H,1098a,2036,QUMO,7.7
2H,1098b,2036,QUMO,8.2
2H,1101a,977,QUMO,13.7
2H,1101b,977,QUMO,14.3
2H,1113a,986,QURU,11.3
2H,1113b,986,QURU,7.3
2H,1133a,2092,QURU,8.6
2H,1133b,2092,QURU,7.8
2H,1145a,2667,QUMO,6.2
2H,1145b,2667,QUMO,7.1
2H,1163a,2682,QUMO,6.5
2H,1163b,2682,QUMO,6.2
2H,1182a,1032,QUMO,9.1
2H,1182b,1032,QUMO,9.6
2H,1185a,2505,QUMO,10.3
2H,1185b,2505,QUMO,8.2
1H,11a,4786,ACRU,6.7
1H,11b,4786,ACRU,8
2H,1219a,2590,QUMO,8.7
2H,1219b,2590,QUMO,8.5
2H,1219c,2590,QUMO,9.9
2H,1269a,2655,QURU,10.4
2H,1269b,2655,QURU,10.3
2H,1293A,1112,QUMO,6.6
2H,1293B,1112,QUMO,5.7
2H,1318A,1131,QUMO,7.5
2H,1318B,1131,QUMO,5.9
2H,1318C,1131,QUMO,5.5
2H,1345A,934,ACRU,6
2H,1345B,934,ACRU,7.9
2H,1347A,1153,QUMO,10.2
2H,1347B,1153,QUMO,9.2
2H,1373A,1170,QURU,12.3
2H,1373B,1170,QURU,11.1
2H,1392A,2805,QUMO,8.7
2H,1392B,2805,QUMO,7
2H,1394A,2803,QUMO,7.3
2H,1394B,2803,QUMO,6.9
2H,1401A,945,QUMO,5.6
2H,1401B,945,QUMO,7.6
2H,1409A,2695,QUMO,7.9
2H,1409B,2695,QUMO,5.8
2H,1436a,1206,QUAL,10.1
2H,1436b,1206,QUAL,6.3
2H,1439a,1208,ACRU,8.3
2H,1439b,1208,ACRU,7
3C,1450a,1219,QUMO,10.2
3C,1450b,1219,QUMO,12
3C,1453a,1222,QUMO,10.5
3C,1453b,1222,QUMO,7.4
3C,1460a,1229,QUMO,7.2
3C,1460b,1229,QUMO,9.6
3C,1463a,1232,QUMO,5.8
3C,1463b,1232,QUMO,13.7
3C,1475a,1244,QUMO,9.2
3C,1475b,1244,QUMO,6.5
3C,1477b,1246,QUMO,14.1
3C,1504a,1276,QURU,7.6
3C,1504b,1276,QURU,11.9
3C,1514a,1286,QUMO,7.1
3C,1514b,1286,QUMO,8.6
3C,1515a,1287,QUMO,10.9
3C,1515b,1287,QUMO,7.9
3C,1533a,1305,QUMO,8.7
3C,1533b,1305,QUMO,9.7
3C,1536a,1308,QURU,9.5
3C,1536b,1308,QURU,6.8
3C,1552a,1324,QUMO,8.1
3C,1552b,1324,QUMO,9.3
3C,1553a,1325,QUMO,8.9
3C,1553b,1325,QUMO,8.4
3C,1554a,1326,QURU,7.6
3C,1554b,1326,QURU,8.4
3C,1595a,1367,QURU,5.7
3C,1595b,1367,QURU,6.5
3C,1596a,1368,QUMO,9
3C,1596b,1368,QUMO,8
3C,1640a,1412,QUMO,9.1
3C,1640b,1412,QUMO,9
3C,1689a,1461,QUMO,5.8
3C,1689b,1461,QUMO,5.9
3C,1729a,1500,QUMO,7.2
3C,1729b,1500,QUMO,11.6
3C,1757a,1528,QUAL,6.9
3C,1757b,1528,QUAL,6.6
3C,1801a,1572,QUMO,11
3C,1801b,1572,QUMO,10
3H,1888a,1653,QURU,7.3
3H,1888b,1653,QURU,8.3
3H,1897a,1662,QUMO,16.5
3H,1897b,1662,QUMO,9.3
3H,1901a,1666,QURU,11.6
3H,1901b,1666,QURU,8.3
3H,1964a,1727,QUMO,5.9
3H,1964b,1727,QUMO,11.3
3H,2004a,1766,TSCA,10.2
3H,2004b,1766,TSCA,8.4
3H,2005a,1767,TSCA,10.8
3H,2005b,1767,TSCA,9.9
1H,238a,4611,ACRU,6.9
1H,238b,4611,ACRU,6.3
1H,283a,184,ACRU,14.6
1H,283b,184,ACRU,11.8
1H,283c,184,ACRU,12
1H,2a,4790,ACRU,7.2
1H,2b,4790,ACRU,12
1H,2c,4790,ACRU,9.3
1H,2d,4790,ACRU,11.3
1H,2e,4790,ACRU,5.5
1H,2f,4790,ACRU,7.5
2C,334a,229,QUMO,10
2C,334b,229,QUMO,11.6
2C,340a,235,QURU,8.6
2C,340b,235,QURU,18.8
2C,352a,247,PIST,7.8
2C,352b,247,PIST,22.5
2C,373a,268,ACRU,8.5
2C,373b,268,ACRU,14.1
2C,373c,268,ACRU,13.7
2C,373d,268,ACRU,11
2C,404a,299,MAAC,6
2C,404b,299,MAAC,13.4
2C,418a,313,QURU,11
2C,418b,313,QURU,15.9
2C,422a,317,QURU,10.6
2C,422b,317,QURU,11.7
2C,422c,317,QURU,12
2C,429a,324,QUMO,10.7
2C,429b,324,QUMO,7.6
2C,461a,356,QUMO,8.7
2C,461b,356,QUMO,9.3
2C,465a,360,QUMO,11.8
2C,465b,360,QUMO,11.6
2C,469a,364,QUMO,11.1
2C,469b,364,QUMO,8.6
2C,479a,374,QUMO,10.3
2C,479b,374,QUMO,13.7
2C,482a,377,QUMO,9.2
2C,482b,377,QUMO,8.9
2C,503a,398,QURU,7.5
2C,503b,398,QURU,8.7
2C,507a,402,QURU,17.3
2C,507b,402,QURU,14.1
2C,531a,426,ACRU,6.3
2C,531b,426,ACRU,5.8
2C,547a,442,QUMO,8.9
2C,547b,442,QUMO,10.6
2C,583A,478,QURU,6.8
2C,583B,478,QURU,13.6
2C,593A,488,QUMO,13.7
2C,593B,488,QUMO,12.3
2C,616A,511,QUAL,8.9
2C,616B,511,QUAL,11.7
2C,637A,532,QUMO,6.4
2C,637B,532,QUMO,8.9
2C,641A,536,ACRU,9.7
2C,641B,536,ACRU,6
2C,641C,536,ACRU,6.5
2C,651A,546,ACSA,15.8
2C,651B,546,ACSA,18
2C,655A,550,ACRU,10.6
2C,655B,550,ACRU,9.7
2C,686A,581,QUMO,6.8
2C,686B,581,QUMO,10
2C,742A,637,QUMO,10.4
2C,742B,637,QUMO,9.6
2C,763A,658,ACRU,10.1
2C,763B,658,ACRU,8.7
2C,771A,666,ACRU,10.3
2C,771B,666,ACRU,8.6
2C,786A,681,ACSA,7.3
2C,786B,681,ACSA,7.9
1C,920a,804,ACRU,10.3
1C,920b,804,ACRU,6.1
1C,974a,858,LITU,12.8
1C,974b,858,LITU,15.4
1C,982a,866,ACRU,11.3
1C,987a,871,ACRU,14.2
1C,987b,871,ACRU,7.7
,,,,